c_id,c_name,parent_c_id
1,家電,
2,家電-品牌1,1
3,家電-品牌1-品項1,2
4,家電-品牌1-品項2,2
5,家電-品牌1-品項3,2
6,家電-品牌2,1
7,家電-品牌2-品項1,6
8,家電-品牌2-品項2,6
9,家電-品牌2-品項3,6
10,家電-品牌3,1
11,家電-品牌3-品項1,10
12,家電-品牌3-品項2,10
13,家電-品牌3-品項3,10
14,家電-品牌4,1
15,家電-品牌4-品項1,14
16,家電-品牌4-品項2,14
17,家電-品牌4-品項3,14
18,家電-品牌5,1
19,家電-品牌5-品項1,18
20,家電-品牌5-品項2,18
21,家電-品牌5-品項3,18
22,家電-品牌6,1
23,家電-品牌6-品項1,22
24,家電-品牌6-品項2,22
25,家電-品牌6-品項3,22
26,家電-品牌7,1
27,家電-品牌7-品項1,26
28,家電-品牌7-品項2,26
29,家電-品牌7-品項3,26
30,家電-品牌8,1
31,家電-品牌8-品項1,30
32,家電-品牌8-品項2,30
33,家電-品牌8-品項3,30
34,家電-品牌9,1
35,家電-品牌9-品項1,34
36,家電-品牌9-品項2,34
37,家電-品牌9-品項3,34
38,家電-品牌10,1
39,家電-品牌10-品項1,38
40,家電-品牌10-品項2,38
41,家電-品牌10-品項3,38
42,家電-品牌11,1
43,家電-品牌11-品項1,42
44,家電-品牌11-品項2,42
45,家電-品牌11-品項3,42
46,家電-品牌12,1
47,家電-品牌12-品項1,46
48,家電-品牌12-品項2,46
49,家電-品牌12-品項3,46
50,家電-品牌13,1
51,家電-品牌13-品項1,50
52,家電-品牌13-品項2,50
53,家電-品牌13-品項3,50
54,家電-品牌14,1
55,家電-品牌14-品項1,54
56,家電-品牌14-品項2,54
57,家電-品牌14-品項3,54
58,家電-品牌15,1
59,家電-品牌15-品項1,58
60,家電-品牌15-品項2,58
61,家電-品牌15-品項3,58
62,電腦與周邊,
63,電腦與周邊-品牌1,62
64,電腦與周邊-品牌1-品項1,63
65,電腦與周邊-品牌1-品項2,63
66,電腦與周邊-品牌1-品項3,63
67,電腦與周邊-品牌2,62
68,電腦與周邊-品牌2-品項1,67
69,電腦與周邊-品牌2-品項2,67
70,電腦與周邊-品牌2-品項3,67
71,電腦與周邊-品牌3,62
72,電腦與周邊-品牌3-品項1,71
73,電腦與周邊-品牌3-品項2,71
74,電腦與周邊-品牌3-品項3,71
75,電腦與周邊-品牌4,62
76,電腦與周邊-品牌4-品項1,75
77,電腦與周邊-品牌4-品項2,75
78,電腦與周邊-品牌4-品項3,75
79,電腦與周邊-品牌5,62
80,電腦與周邊-品牌5-品項1,79
81,電腦與周邊-品牌5-品項2,79
82,電腦與周邊-品牌5-品項3,79
83,電腦與周邊-品牌6,62
84,電腦與周邊-品牌6-品項1,83
85,電腦與周邊-品牌6-品項2,83
86,電腦與周邊-品牌6-品項3,83
87,電腦與周邊-品牌7,62
88,電腦與周邊-品牌7-品項1,87
89,電腦與周邊-品牌7-品項2,87
90,電腦與周邊-品牌7-品項3,87
91,電腦與周邊-品牌8,62
92,電腦與周邊-品牌8-品項1,91
93,電腦與周邊-品牌8-品項2,91
94,電腦與周邊-品牌8-品項3,91
95,電腦與周邊-品牌9,62
96,電腦與周邊-品牌9-品項1,95
97,電腦與周邊-品牌9-品項2,95
98,電腦與周邊-品牌9-品項3,95
99,電腦與周邊-品牌10,62
100,電腦與周邊-品牌10-品項1,99
101,電腦與周邊-品牌10-品項2,99
102,電腦與周邊-品牌10-品項3,99
103,電腦與周邊-品牌11,62
104,電腦與周邊-品牌11-品項1,103
105,電腦與周邊-品牌11-品項2,103
106,電腦與周邊-品牌11-品項3,103
107,電腦與周邊-品牌12,62
108,電腦與周邊-品牌12-品項1,107
109,電腦與周邊-品牌12-品項2,107
110,電腦與周邊-品牌12-品項3,107
111,電腦與周邊-品牌13,62
112,電腦與周邊-品牌13-品項1,111
113,電腦與周邊-品牌13-品項2,111
114,電腦與周邊-品牌13-品項3,111
115,電腦與周邊-品牌14,62
116,電腦與周邊-品牌14-品項1,115
117,電腦與周邊-品牌14-品項2,115
118,電腦與周邊-品牌14-品項3,115
119,電腦與周邊-品牌15,62
120,電腦與周邊-品牌15-品項1,119
121,電腦與周邊-品牌15-品項2,119
122,電腦與周邊-品牌15-品項3,119
123,文具用品,
124,文具用品-品牌1,123
125,文具用品-品牌1-品項1,124
126,文具用品-品牌1-品項2,124
127,文具用品-品牌1-品項3,124
128,文具用品-品牌2,123
129,文具用品-品牌2-品項1,128
130,文具用品-品牌2-品項2,128
131,文具用品-品牌2-品項3,128
132,文具用品-品牌3,123
133,文具用品-品牌3-品項1,132
134,文具用品-品牌3-品項2,132
135,文具用品-品牌3-品項3,132
136,文具用品-品牌4,123
137,文具用品-品牌4-品項1,136
138,文具用品-品牌4-品項2,136
139,文具用品-品牌4-品項3,136
140,文具用品-品牌5,123
141,文具用品-品牌5-品項1,140
142,文具用品-品牌5-品項2,140
143,文具用品-品牌5-品項3,140
144,文具用品-品牌6,123
145,文具用品-品牌6-品項1,144
146,文具用品-品牌6-品項2,144
147,文具用品-品牌6-品項3,144
148,文具用品-品牌7,123
149,文具用品-品牌7-品項1,148
150,文具用品-品牌7-品項2,148
151,文具用品-品牌7-品項3,148
152,文具用品-品牌8,123
153,文具用品-品牌8-品項1,152
154,文具用品-品牌8-品項2,152
155,文具用品-品牌8-品項3,152
156,文具用品-品牌9,123
157,文具用品-品牌9-品項1,156
158,文具用品-品牌9-品項2,156
159,文具用品-品牌9-品項3,156
160,文具用品-品牌10,123
161,文具用品-品牌10-品項1,160
162,文具用品-品牌10-品項2,160
163,文具用品-品牌10-品項3,160
164,文具用品-品牌11,123
165,文具用品-品牌11-品項1,164
166,文具用品-品牌11-品項2,164
167,文具用品-品牌11-品項3,164
168,文具用品-品牌12,123
169,文具用品-品牌12-品項1,168
170,文具用品-品牌12-品項2,168
171,文具用品-品牌12-品項3,168
172,文具用品-品牌13,123
173,文具用品-品牌13-品項1,172
174,文具用品-品牌13-品項2,172
175,文具用品-品牌13-品項3,172
176,文具用品-品牌14,123
177,文具用品-品牌14-品項1,176
178,文具用品-品牌14-品項2,176
179,文具用品-品牌14-品項3,176
180,文具用品-品牌15,123
181,文具用品-品牌15-品項1,180
182,文具用品-品牌15-品項2,180
183,文具用品-品牌15-品項3,180
184,運動健身,
185,運動健身-品牌1,184
186,運動健身-品牌1-品項1,185
187,運動健身-品牌1-品項2,185
188,運動健身-品牌1-品項3,185
189,運動健身-品牌2,184
190,運動健身-品牌2-品項1,189
191,運動健身-品牌2-品項2,189
192,運動健身-品牌2-品項3,189
193,運動健身-品牌3,184
194,運動健身-品牌3-品項1,193
195,運動健身-品牌3-品項2,193
196,運動健身-品牌3-品項3,193
197,運動健身-品牌4,184
198,運動健身-品牌4-品項1,197
199,運動健身-品牌4-品項2,197
200,運動健身-品牌4-品項3,197
201,運動健身-品牌5,184
202,運動健身-品牌5-品項1,201
203,運動健身-品牌5-品項2,201
204,運動健身-品牌5-品項3,201
205,運動健身-品牌6,184
206,運動健身-品牌6-品項1,205
207,運動健身-品牌6-品項2,205
208,運動健身-品牌6-品項3,205
209,運動健身-品牌7,184
210,運動健身-品牌7-品項1,209
211,運動健身-品牌7-品項2,209
212,運動健身-品牌7-品項3,209
213,運動健身-品牌8,184
214,運動健身-品牌8-品項1,213
215,運動健身-品牌8-品項2,213
216,運動健身-品牌8-品項3,213
217,運動健身-品牌9,184
218,運動健身-品牌9-品項1,217
219,運動健身-品牌9-品項2,217
220,運動健身-品牌9-品項3,217
221,運動健身-品牌10,184
222,運動健身-品牌10-品項1,221
223,運動健身-品牌10-品項2,221
224,運動健身-品牌10-品項3,221
225,運動健身-品牌11,184
226,運動健身-品牌11-品項1,225
227,運動健身-品牌11-品項2,225
228,運動健身-品牌11-品項3,225
229,運動健身-品牌12,184
230,運動健身-品牌12-品項1,229
231,運動健身-品牌12-品項2,229
232,運動健身-品牌12-品項3,229
233,運動健身-品牌13,184
234,運動健身-品牌13-品項1,233
235,運動健身-品牌13-品項2,233
236,運動健身-品牌13-品項3,233
237,運動健身-品牌14,184
238,運動健身-品牌14-品項1,237
239,運動健身-品牌14-品項2,237
240,運動健身-品牌14-品項3,237
241,運動健身-品牌15,184
242,運動健身-品牌15-品項1,241
243,運動健身-品牌15-品項2,241
244,運動健身-品牌15-品項3,241
245,戶外露營,
246,戶外露營-品牌1,245
247,戶外露營-品牌1-品項1,246
248,戶外露營-品牌1-品項2,246
249,戶外露營-品牌1-品項3,246
250,戶外露營-品牌2,245
251,戶外露營-品牌2-品項1,250
252,戶外露營-品牌2-品項2,250
253,戶外露營-品牌2-品項3,250
254,戶外露營-品牌3,245
255,戶外露營-品牌3-品項1,254
256,戶外露營-品牌3-品項2,254
257,戶外露營-品牌3-品項3,254
258,戶外露營-品牌4,245
259,戶外露營-品牌4-品項1,258
260,戶外露營-品牌4-品項2,258
261,戶外露營-品牌4-品項3,258
262,戶外露營-品牌5,245
263,戶外露營-品牌5-品項1,262
264,戶外露營-品牌5-品項2,262
265,戶外露營-品牌5-品項3,262
266,戶外露營-品牌6,245
267,戶外露營-品牌6-品項1,266
268,戶外露營-品牌6-品項2,266
269,戶外露營-品牌6-品項3,266
270,戶外露營-品牌7,245
271,戶外露營-品牌7-品項1,270
272,戶外露營-品牌7-品項2,270
273,戶外露營-品牌7-品項3,270
274,戶外露營-品牌8,245
275,戶外露營-品牌8-品項1,274
276,戶外露營-品牌8-品項2,274
277,戶外露營-品牌8-品項3,274
278,戶外露營-品牌9,245
279,戶外露營-品牌9-品項1,278
280,戶外露營-品牌9-品項2,278
281,戶外露營-品牌9-品項3,278
282,戶外露營-品牌10,245
283,戶外露營-品牌10-品項1,282
284,戶外露營-品牌10-品項2,282
285,戶外露營-品牌10-品項3,282
286,戶外露營-品牌11,245
287,戶外露營-品牌11-品項1,286
288,戶外露營-品牌11-品項2,286
289,戶外露營-品牌11-品項3,286
290,戶外露營-品牌12,245
291,戶外露營-品牌12-品項1,290
292,戶外露營-品牌12-品項2,290
293,戶外露營-品牌12-品項3,290
294,戶外露營-品牌13,245
295,戶外露營-品牌13-品項1,294
296,戶外露營-品牌13-品項2,294
297,戶外露營-品牌13-品項3,294
298,戶外露營-品牌14,245
299,戶外露營-品牌14-品項1,298
300,戶外露營-品牌14-品項2,298
301,戶外露營-品牌14-品項3,298
302,戶外露營-品牌15,245
303,戶外露營-品牌15-品項1,302
304,戶外露營-品牌15-品項2,302
305,戶外露營-品牌15-品項3,302
306,生活雜貨,
307,生活雜貨-品牌1,306
308,生活雜貨-品牌1-品項1,307
309,生活雜貨-品牌1-品項2,307
310,生活雜貨-品牌1-品項3,307
311,生活雜貨-品牌2,306
312,生活雜貨-品牌2-品項1,311
313,生活雜貨-品牌2-品項2,311
314,生活雜貨-品牌2-品項3,311
315,生活雜貨-品牌3,306
316,生活雜貨-品牌3-品項1,315
317,生活雜貨-品牌3-品項2,315
318,生活雜貨-品牌3-品項3,315
319,生活雜貨-品牌4,306
320,生活雜貨-品牌4-品項1,319
321,生活雜貨-品牌4-品項2,319
322,生活雜貨-品牌4-品項3,319
323,生活雜貨-品牌5,306
324,生活雜貨-品牌5-品項1,323
325,生活雜貨-品牌5-品項2,323
326,生活雜貨-品牌5-品項3,323
327,生活雜貨-品牌6,306
328,生活雜貨-品牌6-品項1,327
329,生活雜貨-品牌6-品項2,327
330,生活雜貨-品牌6-品項3,327
331,生活雜貨-品牌7,306
332,生活雜貨-品牌7-品項1,331
333,生活雜貨-品牌7-品項2,331
334,生活雜貨-品牌7-品項3,331
335,生活雜貨-品牌8,306
336,生活雜貨-品牌8-品項1,335
337,生活雜貨-品牌8-品項2,335
338,生活雜貨-品牌8-品項3,335
339,生活雜貨-品牌9,306
340,生活雜貨-品牌9-品項1,339
341,生活雜貨-品牌9-品項2,339
342,生活雜貨-品牌9-品項3,339
343,生活雜貨-品牌10,306
344,生活雜貨-品牌10-品項1,343
345,生活雜貨-品牌10-品項2,343
346,生活雜貨-品牌10-品項3,343
347,生活雜貨-品牌11,306
348,生活雜貨-品牌11-品項1,347
349,生活雜貨-品牌11-品項2,347
350,生活雜貨-品牌11-品項3,347
351,生活雜貨-品牌12,306
352,生活雜貨-品牌12-品項1,351
353,生活雜貨-品牌12-品項2,351
354,生活雜貨-品牌12-品項3,351
355,生活雜貨-品牌13,306
356,生活雜貨-品牌13-品項1,355
357,生活雜貨-品牌13-品項2,355
358,生活雜貨-品牌13-品項3,355
359,生活雜貨-品牌14,306
360,生活雜貨-品牌14-品項1,359
361,生活雜貨-品牌14-品項2,359
362,生活雜貨-品牌14-品項3,359
363,生活雜貨-品牌15,306
364,生活雜貨-品牌15-品項1,363
365,生活雜貨-品牌15-品項2,363
366,生活雜貨-品牌15-品項3,363
367,廚房用品,
368,廚房用品-品牌1,367
369,廚房用品-品牌1-品項1,368
370,廚房用品-品牌1-品項2,368
371,廚房用品-品牌1-品項3,368
372,廚房用品-品牌2,367
373,廚房用品-品牌2-品項1,372
374,廚房用品-品牌2-品項2,372
375,廚房用品-品牌2-品項3,372
376,廚房用品-品牌3,367
377,廚房用品-品牌3-品項1,376
378,廚房用品-品牌3-品項2,376
379,廚房用品-品牌3-品項3,376
380,廚房用品-品牌4,367
381,廚房用品-品牌4-品項1,380
382,廚房用品-品牌4-品項2,380
383,廚房用品-品牌4-品項3,380
384,廚房用品-品牌5,367
385,廚房用品-品牌5-品項1,384
386,廚房用品-品牌5-品項2,384
387,廚房用品-品牌5-品項3,384
388,廚房用品-品牌6,367
389,廚房用品-品牌6-品項1,388
390,廚房用品-品牌6-品項2,388
391,廚房用品-品牌6-品項3,388
392,廚房用品-品牌7,367
393,廚房用品-品牌7-品項1,392
394,廚房用品-品牌7-品項2,392
395,廚房用品-品牌7-品項3,392
396,廚房用品-品牌8,367
397,廚房用品-品牌8-品項1,396
398,廚房用品-品牌8-品項2,396
399,廚房用品-品牌8-品項3,396
400,廚房用品-品牌9,367
401,廚房用品-品牌9-品項1,400
402,廚房用品-品牌9-品項2,400
403,廚房用品-品牌9-品項3,400
404,廚房用品-品牌10,367
405,廚房用品-品牌10-品項1,404
406,廚房用品-品牌10-品項2,404
407,廚房用品-品牌10-品項3,404
408,廚房用品-品牌11,367
409,廚房用品-品牌11-品項1,408
410,廚房用品-品牌11-品項2,408
411,廚房用品-品牌11-品項3,408
412,廚房用品-品牌12,367
413,廚房用品-品牌12-品項1,412
414,廚房用品-品牌12-品項2,412
415,廚房用品-品牌12-品項3,412
416,廚房用品-品牌13,367
417,廚房用品-品牌13-品項1,416
418,廚房用品-品牌13-品項2,416
419,廚房用品-品牌13-品項3,416
420,廚房用品-品牌14,367
421,廚房用品-品牌14-品項1,420
422,廚房用品-品牌14-品項2,420
423,廚房用品-品牌14-品項3,420
424,廚房用品-品牌15,367
425,廚房用品-品牌15-品項1,424
426,廚房用品-品牌15-品項2,424
427,廚房用品-品牌15-品項3,424
428,個人配件,
429,個人配件-品牌1,428
430,個人配件-品牌1-品項1,429
431,個人配件-品牌1-品項2,429
432,個人配件-品牌1-品項3,429
433,個人配件-品牌2,428
434,個人配件-品牌2-品項1,433
435,個人配件-品牌2-品項2,433
436,個人配件-品牌2-品項3,433
437,個人配件-品牌3,428
438,個人配件-品牌3-品項1,437
439,個人配件-品牌3-品項2,437
440,個人配件-品牌3-品項3,437
441,個人配件-品牌4,428
442,個人配件-品牌4-品項1,441
443,個人配件-品牌4-品項2,441
444,個人配件-品牌4-品項3,441
445,個人配件-品牌5,428
446,個人配件-品牌5-品項1,445
447,個人配件-品牌5-品項2,445
448,個人配件-品牌5-品項3,445
449,個人配件-品牌6,428
450,個人配件-品牌6-品項1,449
451,個人配件-品牌6-品項2,449
452,個人配件-品牌6-品項3,449
453,個人配件-品牌7,428
454,個人配件-品牌7-品項1,453
455,個人配件-品牌7-品項2,453
456,個人配件-品牌7-品項3,453
457,個人配件-品牌8,428
458,個人配件-品牌8-品項1,457
459,個人配件-品牌8-品項2,457
460,個人配件-品牌8-品項3,457
461,個人配件-品牌9,428
462,個人配件-品牌9-品項1,461
463,個人配件-品牌9-品項2,461
464,個人配件-品牌9-品項3,461
465,個人配件-品牌10,428
466,個人配件-品牌10-品項1,465
467,個人配件-品牌10-品項2,465
468,個人配件-品牌10-品項3,465
469,個人配件-品牌11,428
470,個人配件-品牌11-品項1,469
471,個人配件-品牌11-品項2,469
472,個人配件-品牌11-品項3,469
473,個人配件-品牌12,428
474,個人配件-品牌12-品項1,473
475,個人配件-品牌12-品項2,473
476,個人配件-品牌12-品項3,473
477,個人配件-品牌13,428
478,個人配件-品牌13-品項1,477
479,個人配件-品牌13-品項2,477
480,個人配件-品牌13-品項3,477
481,個人配件-品牌14,428
482,個人配件-品牌14-品項1,481
483,個人配件-品牌14-品項2,481
484,個人配件-品牌14-品項3,481
485,個人配件-品牌15,428
486,個人配件-品牌15-品項1,485
487,個人配件-品牌15-品項2,485
488,個人配件-品牌15-品項3,485
489,服飾,
490,服飾-品牌1,489
491,服飾-品牌1-品項1,490
492,服飾-品牌1-品項2,490
493,服飾-品牌1-品項3,490
494,服飾-品牌2,489
495,服飾-品牌2-品項1,494
496,服飾-品牌2-品項2,494
497,服飾-品牌2-品項3,494
498,服飾-品牌3,489
499,服飾-品牌3-品項1,498
500,服飾-品牌3-品項2,498
501,服飾-品牌3-品項3,498
502,服飾-品牌4,489
503,服飾-品牌4-品項1,502
504,服飾-品牌4-品項2,502
505,服飾-品牌4-品項3,502
506,服飾-品牌5,489
507,服飾-品牌5-品項1,506
508,服飾-品牌5-品項2,506
509,服飾-品牌5-品項3,506
510,服飾-品牌6,489
511,服飾-品牌6-品項1,510
512,服飾-品牌6-品項2,510
513,服飾-品牌6-品項3,510
514,服飾-品牌7,489
515,服飾-品牌7-品項1,514
516,服飾-品牌7-品項2,514
517,服飾-品牌7-品項3,514
518,服飾-品牌8,489
519,服飾-品牌8-品項1,518
520,服飾-品牌8-品項2,518
521,服飾-品牌8-品項3,518
522,服飾-品牌9,489
523,服飾-品牌9-品項1,522
524,服飾-品牌9-品項2,522
525,服飾-品牌9-品項3,522
526,服飾-品牌10,489
527,服飾-品牌10-品項1,526
528,服飾-品牌10-品項2,526
529,服飾-品牌10-品項3,526
530,服飾-品牌11,489
531,服飾-品牌11-品項1,530
532,服飾-品牌11-品項2,530
533,服飾-品牌11-品項3,530
534,服飾-品牌12,489
535,服飾-品牌12-品項1,534
536,服飾-品牌12-品項2,534
537,服飾-品牌12-品項3,534
538,服飾-品牌13,489
539,服飾-品牌13-品項1,538
540,服飾-品牌13-品項2,538
541,服飾-品牌13-品項3,538
542,服飾-品牌14,489
543,服飾-品牌14-品項1,542
544,服飾-品牌14-品項2,542
545,服飾-品牌14-品項3,542
546,服飾-品牌15,489
547,服飾-品牌15-品項1,546
548,服飾-品牌15-品項2,546
549,服飾-品牌15-品項3,546
550,書籍,
551,書籍-品牌1,550
552,書籍-品牌1-品項1,551
553,書籍-品牌1-品項2,551
554,書籍-品牌1-品項3,551
555,書籍-品牌2,550
556,書籍-品牌2-品項1,555
557,書籍-品牌2-品項2,555
558,書籍-品牌2-品項3,555
559,書籍-品牌3,550
560,書籍-品牌3-品項1,559
561,書籍-品牌3-品項2,559
562,書籍-品牌3-品項3,559
563,書籍-品牌4,550
564,書籍-品牌4-品項1,563
565,書籍-品牌4-品項2,563
566,書籍-品牌4-品項3,563
567,書籍-品牌5,550
568,書籍-品牌5-品項1,567
569,書籍-品牌5-品項2,567
570,書籍-品牌5-品項3,567
571,書籍-品牌6,550
572,書籍-品牌6-品項1,571
573,書籍-品牌6-品項2,571
574,書籍-品牌6-品項3,571
575,書籍-品牌7,550
576,書籍-品牌7-品項1,575
577,書籍-品牌7-品項2,575
578,書籍-品牌7-品項3,575
579,書籍-品牌8,550
580,書籍-品牌8-品項1,579
581,書籍-品牌8-品項2,579
582,書籍-品牌8-品項3,579
583,書籍-品牌9,550
584,書籍-品牌9-品項1,583
585,書籍-品牌9-品項2,583
586,書籍-品牌9-品項3,583
587,書籍-品牌10,550
588,書籍-品牌10-品項1,587
589,書籍-品牌10-品項2,587
590,書籍-品牌10-品項3,587
591,書籍-品牌11,550
592,書籍-品牌11-品項1,591
593,書籍-品牌11-品項2,591
594,書籍-品牌11-品項3,591
595,書籍-品牌12,550
596,書籍-品牌12-品項1,595
597,書籍-品牌12-品項2,595
598,書籍-品牌12-品項3,595
599,書籍-品牌13,550
600,書籍-品牌13-品項1,599
601,書籍-品牌13-品項2,599
602,書籍-品牌13-品項3,599
603,書籍-品牌14,550
604,書籍-品牌14-品項1,603
605,書籍-品牌14-品項2,603
606,書籍-品牌14-品項3,603
607,書籍-品牌15,550
608,書籍-品牌15-品項1,607
609,書籍-品牌15-品項2,607
610,書籍-品牌15-品項3,607
611,影音設備,
612,影音設備-品牌1,611
613,影音設備-品牌1-品項1,612
614,影音設備-品牌1-品項2,612
615,影音設備-品牌1-品項3,612
616,影音設備-品牌2,611
617,影音設備-品牌2-品項1,616
618,影音設備-品牌2-品項2,616
619,影音設備-品牌2-品項3,616
620,影音設備-品牌3,611
621,影音設備-品牌3-品項1,620
622,影音設備-品牌3-品項2,620
623,影音設備-品牌3-品項3,620
624,影音設備-品牌4,611
625,影音設備-品牌4-品項1,624
626,影音設備-品牌4-品項2,624
627,影音設備-品牌4-品項3,624
628,影音設備-品牌5,611
629,影音設備-品牌5-品項1,628
630,影音設備-品牌5-品項2,628
631,影音設備-品牌5-品項3,628
632,影音設備-品牌6,611
633,影音設備-品牌6-品項1,632
634,影音設備-品牌6-品項2,632
635,影音設備-品牌6-品項3,632
636,影音設備-品牌7,611
637,影音設備-品牌7-品項1,636
638,影音設備-品牌7-品項2,636
639,影音設備-品牌7-品項3,636
640,影音設備-品牌8,611
641,影音設備-品牌8-品項1,640
642,影音設備-品牌8-品項2,640
643,影音設備-品牌8-品項3,640
644,影音設備-品牌9,611
645,影音設備-品牌9-品項1,644
646,影音設備-品牌9-品項2,644
647,影音設備-品牌9-品項3,644
648,影音設備-品牌10,611
649,影音設備-品牌10-品項1,648
650,影音設備-品牌10-品項2,648
651,影音設備-品牌10-品項3,648
652,影音設備-品牌11,611
653,影音設備-品牌11-品項1,652
654,影音設備-品牌11-品項2,652
655,影音設備-品牌11-品項3,652
656,影音設備-品牌12,611
657,影音設備-品牌12-品項1,656
658,影音設備-品牌12-品項2,656
659,影音設備-品牌12-品項3,656
660,影音設備-品牌13,611
661,影音設備-品牌13-品項1,660
662,影音設備-品牌13-品項2,660
663,影音設備-品牌13-品項3,660
664,影音設備-品牌14,611
665,影音設備-品牌14-品項1,664
666,影音設備-品牌14-品項2,664
667,影音設備-品牌14-品項3,664
668,影音設備-品牌15,611
669,影音設備-品牌15-品項1,668
670,影音設備-品牌15-品項2,668
671,影音設備-品牌15-品項3,668
672,寵物用品,
673,寵物用品-品牌1,672
674,寵物用品-品牌1-品項1,673
675,寵物用品-品牌1-品項2,673
676,寵物用品-品牌1-品項3,673
677,寵物用品-品牌2,672
678,寵物用品-品牌2-品項1,677
679,寵物用品-品牌2-品項2,677
680,寵物用品-品牌2-品項3,677
681,寵物用品-品牌3,672
682,寵物用品-品牌3-品項1,681
683,寵物用品-品牌3-品項2,681
684,寵物用品-品牌3-品項3,681
685,寵物用品-品牌4,672
686,寵物用品-品牌4-品項1,685
687,寵物用品-品牌4-品項2,685
688,寵物用品-品牌4-品項3,685
689,寵物用品-品牌5,672
690,寵物用品-品牌5-品項1,689
691,寵物用品-品牌5-品項2,689
692,寵物用品-品牌5-品項3,689
693,寵物用品-品牌6,672
694,寵物用品-品牌6-品項1,693
695,寵物用品-品牌6-品項2,693
696,寵物用品-品牌6-品項3,693
697,寵物用品-品牌7,672
698,寵物用品-品牌7-品項1,697
699,寵物用品-品牌7-品項2,697
700,寵物用品-品牌7-品項3,697
701,寵物用品-品牌8,672
702,寵物用品-品牌8-品項1,701
703,寵物用品-品牌8-品項2,701
704,寵物用品-品牌8-品項3,701
705,寵物用品-品牌9,672
706,寵物用品-品牌9-品項1,705
707,寵物用品-品牌9-品項2,705
708,寵物用品-品牌9-品項3,705
709,寵物用品-品牌10,672
710,寵物用品-品牌10-品項1,709
711,寵物用品-品牌10-品項2,709
712,寵物用品-品牌10-品項3,709
713,寵物用品-品牌11,672
714,寵物用品-品牌11-品項1,713
715,寵物用品-品牌11-品項2,713
716,寵物用品-品牌11-品項3,713
717,寵物用品-品牌12,672
718,寵物用品-品牌12-品項1,717
719,寵物用品-品牌12-品項2,717
720,寵物用品-品牌12-品項3,717
721,寵物用品-品牌13,672
722,寵物用品-品牌13-品項1,721
723,寵物用品-品牌13-品項2,721
724,寵物用品-品牌13-品項3,721
725,寵物用品-品牌14,672
726,寵物用品-品牌14-品項1,725
727,寵物用品-品牌14-品項2,725
728,寵物用品-品牌14-品項3,725
729,寵物用品-品牌15,672
730,寵物用品-品牌15-品項1,729
731,寵物用品-品牌15-品項2,729
732,寵物用品-品牌15-品項3,729
733,交通工具配件,
734,交通工具配件-品牌1,733
735,交通工具配件-品牌1-品項1,734
736,交通工具配件-品牌1-品項2,734
737,交通工具配件-品牌1-品項3,734
738,交通工具配件-品牌2,733
739,交通工具配件-品牌2-品項1,738
740,交通工具配件-品牌2-品項2,738
741,交通工具配件-品牌2-品項3,738
742,交通工具配件-品牌3,733
743,交通工具配件-品牌3-品項1,742
744,交通工具配件-品牌3-品項2,742
745,交通工具配件-品牌3-品項3,742
746,交通工具配件-品牌4,733
747,交通工具配件-品牌4-品項1,746
748,交通工具配件-品牌4-品項2,746
749,交通工具配件-品牌4-品項3,746
750,交通工具配件-品牌5,733
751,交通工具配件-品牌5-品項1,750
752,交通工具配件-品牌5-品項2,750
753,交通工具配件-品牌5-品項3,750
754,交通工具配件-品牌6,733
755,交通工具配件-品牌6-品項1,754
756,交通工具配件-品牌6-品項2,754
757,交通工具配件-品牌6-品項3,754
758,交通工具配件-品牌7,733
759,交通工具配件-品牌7-品項1,758
760,交通工具配件-品牌7-品項2,758
761,交通工具配件-品牌7-品項3,758
762,交通工具配件-品牌8,733
763,交通工具配件-品牌8-品項1,762
764,交通工具配件-品牌8-品項2,762
765,交通工具配件-品牌8-品項3,762
766,交通工具配件-品牌9,733
767,交通工具配件-品牌9-品項1,766
768,交通工具配件-品牌9-品項2,766
769,交通工具配件-品牌9-品項3,766
770,交通工具配件-品牌10,733
771,交通工具配件-品牌10-品項1,770
772,交通工具配件-品牌10-品項2,770
773,交通工具配件-品牌10-品項3,770
774,交通工具配件-品牌11,733
775,交通工具配件-品牌11-品項1,774
776,交通工具配件-品牌11-品項2,774
777,交通工具配件-品牌11-品項3,774
778,交通工具配件-品牌12,733
779,交通工具配件-品牌12-品項1,778
780,交通工具配件-品牌12-品項2,778
781,交通工具配件-品牌12-品項3,778
782,交通工具配件-品牌13,733
783,交通工具配件-品牌13-品項1,782
784,交通工具配件-品牌13-品項2,782
785,交通工具配件-品牌13-品項3,782
786,交通工具配件-品牌14,733
787,交通工具配件-品牌14-品項1,786
788,交通工具配件-品牌14-品項2,786
789,交通工具配件-品牌14-品項3,786
790,交通工具配件-品牌15,733
791,交通工具配件-品牌15-品項1,790
792,交通工具配件-品牌15-品項2,790
793,交通工具配件-品牌15-品項3,790
794,攝影器材,
795,攝影器材-品牌1,794
796,攝影器材-品牌1-品項1,795
797,攝影器材-品牌1-品項2,795
798,攝影器材-品牌1-品項3,795
799,攝影器材-品牌2,794
800,攝影器材-品牌2-品項1,799
801,攝影器材-品牌2-品項2,799
802,攝影器材-品牌2-品項3,799
803,攝影器材-品牌3,794
804,攝影器材-品牌3-品項1,803
805,攝影器材-品牌3-品項2,803
806,攝影器材-品牌3-品項3,803
807,攝影器材-品牌4,794
808,攝影器材-品牌4-品項1,807
809,攝影器材-品牌4-品項2,807
810,攝影器材-品牌4-品項3,807
811,攝影器材-品牌5,794
812,攝影器材-品牌5-品項1,811
813,攝影器材-品牌5-品項2,811
814,攝影器材-品牌5-品項3,811
815,攝影器材-品牌6,794
816,攝影器材-品牌6-品項1,815
817,攝影器材-品牌6-品項2,815
818,攝影器材-品牌6-品項3,815
819,攝影器材-品牌7,794
820,攝影器材-品牌7-品項1,819
821,攝影器材-品牌7-品項2,819
822,攝影器材-品牌7-品項3,819
823,攝影器材-品牌8,794
824,攝影器材-品牌8-品項1,823
825,攝影器材-品牌8-品項2,823
826,攝影器材-品牌8-品項3,823
827,攝影器材-品牌9,794
828,攝影器材-品牌9-品項1,827
829,攝影器材-品牌9-品項2,827
830,攝影器材-品牌9-品項3,827
831,攝影器材-品牌10,794
832,攝影器材-品牌10-品項1,831
833,攝影器材-品牌10-品項2,831
834,攝影器材-品牌10-品項3,831
835,攝影器材-品牌11,794
836,攝影器材-品牌11-品項1,835
837,攝影器材-品牌11-品項2,835
838,攝影器材-品牌11-品項3,835
839,攝影器材-品牌12,794
840,攝影器材-品牌12-品項1,839
841,攝影器材-品牌12-品項2,839
842,攝影器材-品牌12-品項3,839
843,攝影器材-品牌13,794
844,攝影器材-品牌13-品項1,843
845,攝影器材-品牌13-品項2,843
846,攝影器材-品牌13-品項3,843
847,攝影器材-品牌14,794
848,攝影器材-品牌14-品項1,847
849,攝影器材-品牌14-品項2,847
850,攝影器材-品牌14-品項3,847
851,攝影器材-品牌15,794
852,攝影器材-品牌15-品項1,851
853,攝影器材-品牌15-品項2,851
854,攝影器材-品牌15-品項3,851
855,美妝保養,
856,美妝保養-品牌1,855
857,美妝保養-品牌1-品項1,856
858,美妝保養-品牌1-品項2,856
859,美妝保養-品牌1-品項3,856
860,美妝保養-品牌2,855
861,美妝保養-品牌2-品項1,860
862,美妝保養-品牌2-品項2,860
863,美妝保養-品牌2-品項3,860
864,美妝保養-品牌3,855
865,美妝保養-品牌3-品項1,864
866,美妝保養-品牌3-品項2,864
867,美妝保養-品牌3-品項3,864
868,美妝保養-品牌4,855
869,美妝保養-品牌4-品項1,868
870,美妝保養-品牌4-品項2,868
871,美妝保養-品牌4-品項3,868
872,美妝保養-品牌5,855
873,美妝保養-品牌5-品項1,872
874,美妝保養-品牌5-品項2,872
875,美妝保養-品牌5-品項3,872
876,美妝保養-品牌6,855
877,美妝保養-品牌6-品項1,876
878,美妝保養-品牌6-品項2,876
879,美妝保養-品牌6-品項3,876
880,美妝保養-品牌7,855
881,美妝保養-品牌7-品項1,880
882,美妝保養-品牌7-品項2,880
883,美妝保養-品牌7-品項3,880
884,美妝保養-品牌8,855
885,美妝保養-品牌8-品項1,884
886,美妝保養-品牌8-品項2,884
887,美妝保養-品牌8-品項3,884
888,美妝保養-品牌9,855
889,美妝保養-品牌9-品項1,888
890,美妝保養-品牌9-品項2,888
891,美妝保養-品牌9-品項3,888
892,美妝保養-品牌10,855
893,美妝保養-品牌10-品項1,892
894,美妝保養-品牌10-品項2,892
895,美妝保養-品牌10-品項3,892
896,美妝保養-品牌11,855
897,美妝保養-品牌11-品項1,896
898,美妝保養-品牌11-品項2,896
899,美妝保養-品牌11-品項3,896
900,美妝保養-品牌12,855
901,美妝保養-品牌12-品項1,900
902,美妝保養-品牌12-品項2,900
903,美妝保養-品牌12-品項3,900
904,美妝保養-品牌13,855
905,美妝保養-品牌13-品項1,904
906,美妝保養-品牌13-品項2,904
907,美妝保養-品牌13-品項3,904
908,美妝保養-品牌14,855
909,美妝保養-品牌14-品項1,908
910,美妝保養-品牌14-品項2,908
911,美妝保養-品牌14-品項3,908
912,美妝保養-品牌15,855
913,美妝保養-品牌15-品項1,912
914,美妝保養-品牌15-品項2,912
915,美妝保養-品牌15-品項3,912
916,樂器,
917,樂器-品牌1,916
918,樂器-品牌1-品項1,917
919,樂器-品牌1-品項2,917
920,樂器-品牌1-品項3,917
921,樂器-品牌2,916
922,樂器-品牌2-品項1,921
923,樂器-品牌2-品項2,921
924,樂器-品牌2-品項3,921
925,樂器-品牌3,916
926,樂器-品牌3-品項1,925
927,樂器-品牌3-品項2,925
928,樂器-品牌3-品項3,925
929,樂器-品牌4,916
930,樂器-品牌4-品項1,929
931,樂器-品牌4-品項2,929
932,樂器-品牌4-品項3,929
933,樂器-品牌5,916
934,樂器-品牌5-品項1,933
935,樂器-品牌5-品項2,933
936,樂器-品牌5-品項3,933
937,樂器-品牌6,916
938,樂器-品牌6-品項1,937
939,樂器-品牌6-品項2,937
940,樂器-品牌6-品項3,937
941,樂器-品牌7,916
942,樂器-品牌7-品項1,941
943,樂器-品牌7-品項2,941
944,樂器-品牌7-品項3,941
945,樂器-品牌8,916
946,樂器-品牌8-品項1,945
947,樂器-品牌8-品項2,945
948,樂器-品牌8-品項3,945
949,樂器-品牌9,916
950,樂器-品牌9-品項1,949
951,樂器-品牌9-品項2,949
952,樂器-品牌9-品項3,949
953,樂器-品牌10,916
954,樂器-品牌10-品項1,953
955,樂器-品牌10-品項2,953
956,樂器-品牌10-品項3,953
957,樂器-品牌11,916
958,樂器-品牌11-品項1,957
959,樂器-品牌11-品項2,957
960,樂器-品牌11-品項3,957
961,樂器-品牌12,916
962,樂器-品牌12-品項1,961
963,樂器-品牌12-品項2,961
964,樂器-品牌12-品項3,961
965,樂器-品牌13,916
966,樂器-品牌13-品項1,965
967,樂器-品牌13-品項2,965
968,樂器-品牌13-品項3,965
969,樂器-品牌14,916
970,樂器-品牌14-品項1,969
971,樂器-品牌14-品項2,969
972,樂器-品牌14-品項3,969
973,樂器-品牌15,916
974,樂器-品牌15-品項1,973
975,樂器-品牌15-品項2,973
976,樂器-品牌15-品項3,973
977,園藝用品,
978,園藝用品-品牌1,977
979,園藝用品-品牌1-品項1,978
980,園藝用品-品牌1-品項2,978
981,園藝用品-品牌1-品項3,978
982,園藝用品-品牌2,977
983,園藝用品-品牌2-品項1,982
984,園藝用品-品牌2-品項2,982
985,園藝用品-品牌2-品項3,982
986,園藝用品-品牌3,977
987,園藝用品-品牌3-品項1,986
988,園藝用品-品牌3-品項2,986
989,園藝用品-品牌3-品項3,986
990,園藝用品-品牌4,977
991,園藝用品-品牌4-品項1,990
992,園藝用品-品牌4-品項2,990
993,園藝用品-品牌4-品項3,990
994,園藝用品-品牌5,977
995,園藝用品-品牌5-品項1,994
996,園藝用品-品牌5-品項2,994
997,園藝用品-品牌5-品項3,994
998,園藝用品-品牌6,977
999,園藝用品-品牌6-品項1,998
1000,園藝用品-品牌6-品項2,998
1001,園藝用品-品牌6-品項3,998
1002,園藝用品-品牌7,977
1003,園藝用品-品牌7-品項1,1002
1004,園藝用品-品牌7-品項2,1002
1005,園藝用品-品牌7-品項3,1002
1006,園藝用品-品牌8,977
1007,園藝用品-品牌8-品項1,1006
1008,園藝用品-品牌8-品項2,1006
1009,園藝用品-品牌8-品項3,1006
1010,園藝用品-品牌9,977
1011,園藝用品-品牌9-品項1,1010
1012,園藝用品-品牌9-品項2,1010
1013,園藝用品-品牌9-品項3,1010
1014,園藝用品-品牌10,977
1015,園藝用品-品牌10-品項1,1014
1016,園藝用品-品牌10-品項2,1014
1017,園藝用品-品牌10-品項3,1014
1018,園藝用品-品牌11,977
1019,園藝用品-品牌11-品項1,1018
1020,園藝用品-品牌11-品項2,1018
1021,園藝用品-品牌11-品項3,1018
1022,園藝用品-品牌12,977
1023,園藝用品-品牌12-品項1,1022
1024,園藝用品-品牌12-品項2,1022
1025,園藝用品-品牌12-品項3,1022
1026,園藝用品-品牌13,977
1027,園藝用品-品牌13-品項1,1026
1028,園藝用品-品牌13-品項2,1026
1029,園藝用品-品牌13-品項3,1026
1030,園藝用品-品牌14,977
1031,園藝用品-品牌14-品項1,1030
1032,園藝用品-品牌14-品項2,1030
1033,園藝用品-品牌14-品項3,1030
1034,園藝用品-品牌15,977
1035,園藝用品-品牌15-品項1,1034
1036,園藝用品-品牌15-品項2,1034
1037,園藝用品-品牌15-品項3,1034
1038,清潔用品,
1039,清潔用品-品牌1,1038
1040,清潔用品-品牌1-品項1,1039
1041,清潔用品-品牌1-品項2,1039
1042,清潔用品-品牌1-品項3,1039
1043,清潔用品-品牌2,1038
1044,清潔用品-品牌2-品項1,1043
1045,清潔用品-品牌2-品項2,1043
1046,清潔用品-品牌2-品項3,1043
1047,清潔用品-品牌3,1038
1048,清潔用品-品牌3-品項1,1047
1049,清潔用品-品牌3-品項2,1047
1050,清潔用品-品牌3-品項3,1047
1051,清潔用品-品牌4,1038
1052,清潔用品-品牌4-品項1,1051
1053,清潔用品-品牌4-品項2,1051
1054,清潔用品-品牌4-品項3,1051
1055,清潔用品-品牌5,1038
1056,清潔用品-品牌5-品項1,1055
1057,清潔用品-品牌5-品項2,1055
1058,清潔用品-品牌5-品項3,1055
1059,清潔用品-品牌6,1038
1060,清潔用品-品牌6-品項1,1059
1061,清潔用品-品牌6-品項2,1059
1062,清潔用品-品牌6-品項3,1059
1063,清潔用品-品牌7,1038
1064,清潔用品-品牌7-品項1,1063
1065,清潔用品-品牌7-品項2,1063
1066,清潔用品-品牌7-品項3,1063
1067,清潔用品-品牌8,1038
1068,清潔用品-品牌8-品項1,1067
1069,清潔用品-品牌8-品項2,1067
1070,清潔用品-品牌8-品項3,1067
1071,清潔用品-品牌9,1038
1072,清潔用品-品牌9-品項1,1071
1073,清潔用品-品牌9-品項2,1071
1074,清潔用品-品牌9-品項3,1071
1075,清潔用品-品牌10,1038
1076,清潔用品-品牌10-品項1,1075
1077,清潔用品-品牌10-品項2,1075
1078,清潔用品-品牌10-品項3,1075
1079,清潔用品-品牌11,1038
1080,清潔用品-品牌11-品項1,1079
1081,清潔用品-品牌11-品項2,1079
1082,清潔用品-品牌11-品項3,1079
1083,清潔用品-品牌12,1038
1084,清潔用品-品牌12-品項1,1083
1085,清潔用品-品牌12-品項2,1083
1086,清潔用品-品牌12-品項3,1083
1087,清潔用品-品牌13,1038
1088,清潔用品-品牌13-品項1,1087
1089,清潔用品-品牌13-品項2,1087
1090,清潔用品-品牌13-品項3,1087
1091,清潔用品-品牌14,1038
1092,清潔用品-品牌14-品項1,1091
1093,清潔用品-品牌14-品項2,1091
1094,清潔用品-品牌14-品項3,1091
1095,清潔用品-品牌15,1038
1096,清潔用品-品牌15-品項1,1095
1097,清潔用品-品牌15-品項2,1095
1098,清潔用品-品牌15-品項3,1095
1099,遊戲與玩具,
1100,遊戲與玩具-品牌1,1099
1101,遊戲與玩具-品牌1-品項1,1100
1102,遊戲與玩具-品牌1-品項2,1100
1103,遊戲與玩具-品牌1-品項3,1100
1104,遊戲與玩具-品牌2,1099
1105,遊戲與玩具-品牌2-品項1,1104
1106,遊戲與玩具-品牌2-品項2,1104
1107,遊戲與玩具-品牌2-品項3,1104
1108,遊戲與玩具-品牌3,1099
1109,遊戲與玩具-品牌3-品項1,1108
1110,遊戲與玩具-品牌3-品項2,1108
1111,遊戲與玩具-品牌3-品項3,1108
1112,遊戲與玩具-品牌4,1099
1113,遊戲與玩具-品牌4-品項1,1112
1114,遊戲與玩具-品牌4-品項2,1112
1115,遊戲與玩具-品牌4-品項3,1112
1116,遊戲與玩具-品牌5,1099
1117,遊戲與玩具-品牌5-品項1,1116
1118,遊戲與玩具-品牌5-品項2,1116
1119,遊戲與玩具-品牌5-品項3,1116
1120,遊戲與玩具-品牌6,1099
1121,遊戲與玩具-品牌6-品項1,1120
1122,遊戲與玩具-品牌6-品項2,1120
1123,遊戲與玩具-品牌6-品項3,1120
1124,遊戲與玩具-品牌7,1099
1125,遊戲與玩具-品牌7-品項1,1124
1126,遊戲與玩具-品牌7-品項2,1124
1127,遊戲與玩具-品牌7-品項3,1124
1128,遊戲與玩具-品牌8,1099
1129,遊戲與玩具-品牌8-品項1,1128
1130,遊戲與玩具-品牌8-品項2,1128
1131,遊戲與玩具-品牌8-品項3,1128
1132,遊戲與玩具-品牌9,1099
1133,遊戲與玩具-品牌9-品項1,1132
1134,遊戲與玩具-品牌9-品項2,1132
1135,遊戲與玩具-品牌9-品項3,1132
1136,遊戲與玩具-品牌10,1099
1137,遊戲與玩具-品牌10-品項1,1136
1138,遊戲與玩具-品牌10-品項2,1136
1139,遊戲與玩具-品牌10-品項3,1136
1140,遊戲與玩具-品牌11,1099
1141,遊戲與玩具-品牌11-品項1,1140
1142,遊戲與玩具-品牌11-品項2,1140
1143,遊戲與玩具-品牌11-品項3,1140
1144,遊戲與玩具-品牌12,1099
1145,遊戲與玩具-品牌12-品項1,1144
1146,遊戲與玩具-品牌12-品項2,1144
1147,遊戲與玩具-品牌12-品項3,1144
1148,遊戲與玩具-品牌13,1099
1149,遊戲與玩具-品牌13-品項1,1148
1150,遊戲與玩具-品牌13-品項2,1148
1151,遊戲與玩具-品牌13-品項3,1148
1152,遊戲與玩具-品牌14,1099
1153,遊戲與玩具-品牌14-品項1,1152
1154,遊戲與玩具-品牌14-品項2,1152
1155,遊戲與玩具-品牌14-品項3,1152
1156,遊戲與玩具-品牌15,1099
1157,遊戲與玩具-品牌15-品項1,1156
1158,遊戲與玩具-品牌15-品項2,1156
1159,遊戲與玩具-品牌15-品項3,1156
1160,醫療保健,
1161,醫療保健-品牌1,1160
1162,醫療保健-品牌1-品項1,1161
1163,醫療保健-品牌1-品項2,1161
1164,醫療保健-品牌1-品項3,1161
1165,醫療保健-品牌2,1160
1166,醫療保健-品牌2-品項1,1165
1167,醫療保健-品牌2-品項2,1165
1168,醫療保健-品牌2-品項3,1165
1169,醫療保健-品牌3,1160
1170,醫療保健-品牌3-品項1,1169
1171,醫療保健-品牌3-品項2,1169
1172,醫療保健-品牌3-品項3,1169
1173,醫療保健-品牌4,1160
1174,醫療保健-品牌4-品項1,1173
1175,醫療保健-品牌4-品項2,1173
1176,醫療保健-品牌4-品項3,1173
1177,醫療保健-品牌5,1160
1178,醫療保健-品牌5-品項1,1177
1179,醫療保健-品牌5-品項2,1177
1180,醫療保健-品牌5-品項3,1177
1181,醫療保健-品牌6,1160
1182,醫療保健-品牌6-品項1,1181
1183,醫療保健-品牌6-品項2,1181
1184,醫療保健-品牌6-品項3,1181
1185,醫療保健-品牌7,1160
1186,醫療保健-品牌7-品項1,1185
1187,醫療保健-品牌7-品項2,1185
1188,醫療保健-品牌7-品項3,1185
1189,醫療保健-品牌8,1160
1190,醫療保健-品牌8-品項1,1189
1191,醫療保健-品牌8-品項2,1189
1192,醫療保健-品牌8-品項3,1189
1193,醫療保健-品牌9,1160
1194,醫療保健-品牌9-品項1,1193
1195,醫療保健-品牌9-品項2,1193
1196,醫療保健-品牌9-品項3,1193
1197,醫療保健-品牌10,1160
1198,醫療保健-品牌10-品項1,1197
1199,醫療保健-品牌10-品項2,1197
1200,醫療保健-品牌10-品項3,1197
1201,醫療保健-品牌11,1160
1202,醫療保健-品牌11-品項1,1201
1203,醫療保健-品牌11-品項2,1201
1204,醫療保健-品牌11-品項3,1201
1205,醫療保健-品牌12,1160
1206,醫療保健-品牌12-品項1,1205
1207,醫療保健-品牌12-品項2,1205
1208,醫療保健-品牌12-品項3,1205
1209,醫療保健-品牌13,1160
1210,醫療保健-品牌13-品項1,1209
1211,醫療保健-品牌13-品項2,1209
1212,醫療保健-品牌13-品項3,1209
1213,醫療保健-品牌14,1160
1214,醫療保健-品牌14-品項1,1213
1215,醫療保健-品牌14-品項2,1213
1216,醫療保健-品牌14-品項3,1213
1217,醫療保健-品牌15,1160
1218,醫療保健-品牌15-品項1,1217
1219,醫療保健-品牌15-品項2,1217
1220,醫療保健-品牌15-品項3,1217
